<?xml version="1.0" encoding="UTF-8"?>
<jsp_page name="tsarc_det">
	<inputfields>
		<field name="nextAction" literal=""/>
		<field name="funcCode" literal="FLT006657"/>
		<field name="tranDate" literal="FLT021862"/>
		<field name="isdn" literal="FLT090391"/>
		<field name="Amt" literal="FLT090392"/>
		<field name="settlementref" literal="FLT090359"/>
		<field name="uniqueReference" literal="FLT090360"/>
		<field name="bankBranchid" literal="FLT090361"/>
		<field name="bankId" literal="FLT090362"/>
		<field name="batchId" literal="FLT090363"/>
		<field name="branchPhoneno" literal="FLT090364"/>
		<field name="bvn" literal="FLT090365"/>
		<field name="cbnAcct" literal="FLT090366"/>
		<field name="channel" literal="FLT008988"/>
		<field name="collectedAmount" literal="FLT090367"/>
		<field name="currency" literal="FLT030604"/>
		<field name="customerAccount" literal="FLT090368"/>
		<field name="customerEmail" literal="FLT090369"/>
		<field name="customerName" literal="FLT016488"/>
		<field name="customerPhone" literal="FLT090370"/>
		<field name="customerTin" literal="FLT090371"/>
		<field name="fee" literal="FLT001628"/>
		<field name="feedType" literal="FLT020259"/>
		<field name="gifmisCode" literal="FLT090372"/>
		<field name="input2283" literal="FLT090373"/>
		<field name="itemName" literal="FLT090374"/>
		<field name="locationCode" literal="FLT000016"/>
		<field name="mdaCode" literal="FLT090375"/>
		<field name="mdaName" literal="FLT090376"/>
		<field name="narrationDesc" literal="FLT090377"/>
		<field name="payColDate" literal="FLT090378"/>
		<field name="psspCode" literal="FLT090379"/>
		<field name="psspName" literal="FLT090380"/>
		<field name="remittedAmount" literal="FLT090381"/>
		<field name="requestedAmount" literal="FLT090382"/>
		<field name="sessionId" literal="FLT090383"/>
		<field name="settlementRef" literal="FLT090384"/>
		<field name="tsaPcCodename" literal="FLT090385"/>
		<field name="tsaPcCoderef" literal="FLT090386"/>
		<field name="valueDate" literal="FLT000591"/>
		<field name="whoPays" literal="FLT090387"/>
		<field name="res" literal="FLT090388"/>
		<field name="notifyFlag" literal="FLT090389"/>
		<field name="funcCode" literal="FLT006657"/>
	</inputfields>
</jsp_page>