<?xml version="1.0" encoding="UTF-8"?>
<group_details>
  <multi_tab_menu>N</multi_tab_menu>
  <page_list>
    <page_details>
      <type_of_page>INITIAL</type_of_page>
      <page_name>cust_dummy_InitialPage.jsp</page_name>
    </page_details>
    <page_details>
      <type_of_page>DETAILS</type_of_page>
      <page_name>tsarc_det.jsp</page_name>
    </page_details>
    <page_details>
      <type_of_page>RESULT</type_of_page>
      <page_name>tsarc_res.jsp</page_name>
    </page_details>
  </page_list>
  <invocation_list>
    <invocation_details>
      <action_code>VALIDATE</action_code>
      <function_code>NA</function_code>
      <invocation_name>vjvjvjh.scr</invocation_name>
    </invocation_details>
    <invocation_details>
      <action_code>SUBMIT</action_code>
      <function_code>NA</function_code>
      <invocation_name>TSAnotify.scr</invocation_name>
    </invocation_details>
  </invocation_list>
  <tab_details_list>
    <header_fields />
  </tab_details_list>
  <multirec_list />
  <field_list>
    <field>
      <name>funcCode</name>
      <datatype>String</datatype>
      <mr_field>N</mr_field>
      <group_field>Y</group_field>
    </field>
    <field>
      <name>Message</name>
      <datatype>String</datatype>
      <mr_field>N</mr_field>
      <group_field>N</group_field>
    </field>
    <field>
      <name>settlementref</name>
      <datatype>String</datatype>
      <mr_field>N</mr_field>
      <group_field>Y</group_field>
    </field>
    <field>
      <name>uniqueReference</name>
      <datatype>String</datatype>
      <mr_field>N</mr_field>
      <group_field>Y</group_field>
    </field>
    <field>
      <name>bankBranchid</name>
      <datatype>String</datatype>
      <mr_field>N</mr_field>
      <group_field>Y</group_field>
    </field>
    <field>
      <name>bankId</name>
      <datatype>String</datatype>
      <mr_field>N</mr_field>
      <group_field>Y</group_field>
    </field>
    <field>
      <name>batchId</name>
      <datatype>String</datatype>
      <mr_field>N</mr_field>
      <group_field>Y</group_field>
    </field>
    <field>
      <name>branchPhoneno</name>
      <datatype>String</datatype>
      <mr_field>N</mr_field>
      <group_field>Y</group_field>
    </field>
    <field>
      <name>bvn</name>
      <datatype>String</datatype>
      <mr_field>N</mr_field>
      <group_field>Y</group_field>
    </field>
    <field>
      <name>cbnAcct</name>
      <datatype>String</datatype>
      <mr_field>N</mr_field>
      <group_field>Y</group_field>
    </field>
    <field>
      <name>channel</name>
      <datatype>String</datatype>
      <mr_field>N</mr_field>
      <group_field>Y</group_field>
    </field>
    <field>
      <name>collectedAmount</name>
      <datatype>String</datatype>
      <mr_field>N</mr_field>
      <group_field>Y</group_field>
    </field>
    <field>
      <name>currency</name>
      <datatype>String</datatype>
      <mr_field>N</mr_field>
      <group_field>Y</group_field>
    </field>
    <field>
      <name>customerAccount</name>
      <datatype>String</datatype>
      <mr_field>N</mr_field>
      <group_field>Y</group_field>
    </field>
    <field>
      <name>customerEmail</name>
      <datatype>String</datatype>
      <mr_field>N</mr_field>
      <group_field>Y</group_field>
    </field>
    <field>
      <name>customerName</name>
      <datatype>String</datatype>
      <mr_field>N</mr_field>
      <group_field>Y</group_field>
    </field>
    <field>
      <name>customerPhone</name>
      <datatype>String</datatype>
      <mr_field>N</mr_field>
      <group_field>Y</group_field>
    </field>
    <field>
      <name>customerTin</name>
      <datatype>String</datatype>
      <mr_field>N</mr_field>
      <group_field>Y</group_field>
    </field>
    <field>
      <name>fee</name>
      <datatype>String</datatype>
      <mr_field>N</mr_field>
      <group_field>Y</group_field>
    </field>
    <field>
      <name>feedType</name>
      <datatype>String</datatype>
      <mr_field>N</mr_field>
      <group_field>Y</group_field>
    </field>
    <field>
      <name>gifmisCode</name>
      <datatype>String</datatype>
      <mr_field>N</mr_field>
      <group_field>Y</group_field>
    </field>
    <field>
      <name>itemCode</name>
      <datatype>String</datatype>
      <mr_field>N</mr_field>
      <group_field>Y</group_field>
    </field>
    <field>
      <name>itemName</name>
      <datatype>String</datatype>
      <mr_field>N</mr_field>
      <group_field>Y</group_field>
    </field>
    <field>
      <name>locationCode</name>
      <datatype>String</datatype>
      <mr_field>N</mr_field>
      <group_field>Y</group_field>
    </field>
    <field>
      <name>mdaCode</name>
      <datatype>String</datatype>
      <mr_field>N</mr_field>
      <group_field>Y</group_field>
    </field>
    <field>
      <name>mdaName</name>
      <datatype>String</datatype>
      <mr_field>N</mr_field>
      <group_field>Y</group_field>
    </field>
    <field>
      <name>narrationDesc</name>
      <datatype>String</datatype>
      <mr_field>N</mr_field>
      <group_field>Y</group_field>
    </field>
    <field>
      <name>payColDate</name>
      <datatype>String</datatype>
      <mr_field>N</mr_field>
      <group_field>Y</group_field>
    </field>
    <field>
      <name>psspCode</name>
      <datatype>String</datatype>
      <mr_field>N</mr_field>
      <group_field>Y</group_field>
    </field>
    <field>
      <name>psspName</name>
      <datatype>String</datatype>
      <mr_field>N</mr_field>
      <group_field>Y</group_field>
    </field>
    <field>
      <name>remittedAmount</name>
      <datatype>String</datatype>
      <mr_field>N</mr_field>
      <group_field>Y</group_field>
    </field>
    <field>
      <name>requestedAmount</name>
      <datatype>String</datatype>
      <mr_field>N</mr_field>
      <group_field>Y</group_field>
    </field>
    <field>
      <name>sessionId</name>
      <datatype>String</datatype>
      <mr_field>N</mr_field>
      <group_field>Y</group_field>
    </field>
    <field>
      <name>settlementRef</name>
      <datatype>String</datatype>
      <mr_field>N</mr_field>
      <group_field>Y</group_field>
    </field>
    <field>
      <name>tsaPcCodename</name>
      <datatype>String</datatype>
      <mr_field>N</mr_field>
      <group_field>Y</group_field>
    </field>
    <field>
      <name>tsaPcCoderef</name>
      <datatype>String</datatype>
      <mr_field>N</mr_field>
      <group_field>Y</group_field>
    </field>
    <field>
      <name>valueDate</name>
      <datatype>String</datatype>
      <mr_field>N</mr_field>
      <group_field>Y</group_field>
    </field>
    <field>
      <name>whoPays</name>
      <datatype>String</datatype>
      <mr_field>N</mr_field>
      <group_field>Y</group_field>
    </field>
    <field>
      <name>res</name>
      <datatype>String</datatype>
      <mr_field>N</mr_field>
      <group_field>Y</group_field>
    </field>
    <field>
      <name>notifyFlag</name>
      <datatype>String</datatype>
      <mr_field>N</mr_field>
      <group_field>Y</group_field>
    </field>
    <field>
      <name>tranDate</name>
      <datatype>String</datatype>
      <mr_field>N</mr_field>
      <group_field>Y</group_field>
    </field>
    <field>
      <name>isdn</name>
      <datatype>String</datatype>
      <mr_field>N</mr_field>
      <group_field>Y</group_field>
    </field>
    <field>
      <name>Amt</name>
      <datatype>String</datatype>
      <mr_field>N</mr_field>
      <group_field>Y</group_field>
    </field>
  </field_list>
</group_details>

